{"cameraMode":{"drawMode":0,"name":"Shaded","section":"Shading Mode"},"sceneLighting":false,"audioPlay":false,"sceneViewState":{"showFog":true,"showMaterialUpdate":false,"showSkybox":true,"showFlares":true,"showImageEffects":true,"showParticleSystems":true},"in2DMode":false,"pivot":{"x":-355.7933349609375,"y":-84.89604949951172,"z":-220.15728759765626},"rotation":{"x":-0.05241484194993973,"y":-0.45138540863990786,"z":-0.02657211385667324,"w":0.890392005443573},"size":667.729736328125,"orthographic":false}