{"cameraMode":{"drawMode":0,"name":"Shaded","section":"Shading Mode"},"sceneLighting":false,"audioPlay":false,"sceneViewState":{"showFog":true,"showMaterialUpdate":false,"showSkybox":true,"showFlares":true,"showImageEffects":true,"showParticleSystems":true},"in2DMode":false,"pivot":{"x":-31.194046020507814,"y":3.3600001335144045,"z":7.119589805603027},"rotation":{"x":-0.05241484194993973,"y":-0.45138540863990786,"z":-0.02657211385667324,"w":0.890392005443573},"size":8.41738224029541,"orthographic":false}