{"cameraMode":{"drawMode":0,"name":"Shaded","section":"Shading Mode"},"sceneLighting":false,"audioPlay":false,"sceneViewState":{"showFog":true,"showMaterialUpdate":false,"showSkybox":true,"showFlares":true,"showImageEffects":true,"showParticleSystems":true},"in2DMode":false,"pivot":{"x":-1.7091313600540162,"y":2.57454514503479,"z":4.998066425323486},"rotation":{"x":-0.04896702244877815,"y":-0.37243643403053286,"z":-0.01968299224972725,"w":0.9265559911727905},"size":8.994901657104493,"orthographic":false}