{"cameraMode":{"drawMode":0,"name":"Shaded","section":"Shading Mode"},"sceneLighting":false,"audioPlay":false,"sceneViewState":{"showFog":true,"showMaterialUpdate":false,"showSkybox":true,"showFlares":true,"showImageEffects":true,"showParticleSystems":true},"in2DMode":false,"pivot":{"x":-5.523603916168213,"y":1.8837405443191529,"z":5.61602258682251},"rotation":{"x":-0.06004425883293152,"y":-0.08493534475564957,"z":-0.005128053016960621,"w":0.9945624470710754},"size":6.524602890014648,"orthographic":false}