{"cameraMode":{"drawMode":0,"name":"Shaded","section":"Shading Mode"},"sceneLighting":false,"audioPlay":false,"sceneViewState":{"showFog":true,"showMaterialUpdate":false,"showSkybox":true,"showFlares":true,"showImageEffects":true,"showParticleSystems":true},"in2DMode":false,"pivot":{"x":-5.327538967132568,"y":4.643976211547852,"z":0.2511625289916992},"rotation":{"x":-0.12174596637487412,"y":-0.1406385600566864,"z":-0.017429359257221223,"w":0.982392430305481},"size":16.53623390197754,"orthographic":false}