{"cameraMode":{"drawMode":0,"name":"Shaded","section":"Shading Mode"},"sceneLighting":true,"audioPlay":false,"sceneViewState":{"showFog":true,"showMaterialUpdate":false,"showSkybox":true,"showFlares":true,"showImageEffects":true,"showParticleSystems":true},"in2DMode":false,"pivot":{"x":-389.8963317871094,"y":-188.39566040039063,"z":68.42254638671875},"rotation":{"x":0.2588731348514557,"y":-0.6209549307823181,"z":0.2284269779920578,"w":0.7037192583084106},"size":709.1957397460938,"orthographic":false}