{"cameraMode":{"drawMode":0,"name":"Shaded","section":"Shading Mode"},"sceneLighting":false,"audioPlay":false,"sceneViewState":{"showFog":true,"showMaterialUpdate":false,"showSkybox":true,"showFlares":true,"showImageEffects":true,"showParticleSystems":true},"in2DMode":false,"pivot":{"x":8.552663803100586,"y":2.6429219245910646,"z":7.775081157684326},"rotation":{"x":-0.12174597382545471,"y":-0.1406385749578476,"z":-0.01742936111986637,"w":0.9823924899101257},"size":23.580171585083009,"orthographic":false}