{"cameraMode":{"drawMode":0,"name":"Shaded","section":"Shading Mode"},"sceneLighting":false,"audioPlay":false,"sceneViewState":{"showFog":true,"showMaterialUpdate":false,"showSkybox":true,"showFlares":true,"showImageEffects":true,"showParticleSystems":true},"in2DMode":false,"pivot":{"x":-21.158479690551759,"y":3.496318817138672,"z":11.866157531738282},"rotation":{"x":-0.05241484194993973,"y":-0.45138540863990786,"z":-0.02657211385667324,"w":0.890392005443573},"size":17.990503311157228,"orthographic":false}