{"cameraMode":{"drawMode":0,"name":"Shaded","section":"Shading Mode"},"sceneLighting":false,"audioPlay":false,"sceneViewState":{"showFog":true,"showMaterialUpdate":false,"showSkybox":true,"showFlares":true,"showImageEffects":true,"showParticleSystems":true},"in2DMode":false,"pivot":{"x":-4.941277027130127,"y":0.825668215751648,"z":-1.900782585144043},"rotation":{"x":-0.08427613973617554,"y":-0.2553246319293976,"z":-0.02234676294028759,"w":0.9629161953926086},"size":3.73148512840271,"orthographic":false}