{"cameraMode":{"drawMode":0,"name":"Shaded","section":"Shading Mode"},"sceneLighting":true,"audioPlay":false,"sceneViewState":{"showFog":true,"showMaterialUpdate":false,"showSkybox":true,"showFlares":true,"showImageEffects":true,"showParticleSystems":true},"in2DMode":false,"pivot":{"x":-4.598205089569092,"y":-14.306740760803223,"z":124.4390869140625},"rotation":{"x":0.10354787856340409,"y":-0.03580224886536598,"z":0.0037301555275917055,"w":0.993972897529602},"size":84.61005401611328,"orthographic":false}