{"cameraMode":{"drawMode":0,"name":"Shaded","section":"Shading Mode"},"sceneLighting":false,"audioPlay":false,"sceneViewState":{"showFog":true,"showMaterialUpdate":false,"showSkybox":true,"showFlares":true,"showImageEffects":true,"showParticleSystems":true},"in2DMode":false,"pivot":{"x":1.7478890419006348,"y":0.5825663208961487,"z":0.8946573734283447},"rotation":{"x":-0.12174596637487412,"y":-0.1406385600566864,"z":-0.017429359257221223,"w":0.982392430305481},"size":4.200057029724121,"orthographic":false}