{"cameraMode":{"drawMode":0,"name":"Shaded","section":"Shading Mode"},"sceneLighting":false,"audioPlay":false,"sceneViewState":{"showFog":true,"showMaterialUpdate":false,"showSkybox":true,"showFlares":true,"showImageEffects":true,"showParticleSystems":true},"in2DMode":false,"pivot":{"x":-20.150131225585939,"y":2.0811707973480226,"z":9.069272994995118},"rotation":{"x":-0.023094700649380685,"y":-0.5328447818756104,"z":-0.014550195075571537,"w":0.8457726240158081},"size":8.531064987182618,"orthographic":false}