{"cameraMode":{"drawMode":0,"name":"Shaded","section":"Shading Mode"},"sceneLighting":true,"audioPlay":false,"sceneViewState":{"showFog":true,"showMaterialUpdate":false,"showSkybox":true,"showFlares":true,"showImageEffects":true,"showParticleSystems":true},"in2DMode":false,"pivot":{"x":5.190000057220459,"y":1.2000000476837159,"z":10.145000457763672},"rotation":{"x":-0.03496703878045082,"y":0.7446160316467285,"z":-0.039128296077251437,"w":-0.6654271483421326},"size":6.956566333770752,"orthographic":true}