{"cameraMode":{"drawMode":0,"name":"Shaded","section":"Shading Mode"},"sceneLighting":true,"audioPlay":false,"sceneViewState":{"showFog":true,"showMaterialUpdate":false,"showSkybox":true,"showFlares":true,"showImageEffects":true,"showParticleSystems":true},"in2DMode":false,"pivot":{"x":-148.08885192871095,"y":-43.07180404663086,"z":20.691450119018556},"rotation":{"x":0.13039530813694,"y":-0.6870717406272888,"z":0.12737682461738587,"w":0.7033525109291077},"size":253.82058715820313,"orthographic":false}