{"cameraMode":{"drawMode":0,"name":"Shaded","section":"Shading Mode"},"sceneLighting":true,"audioPlay":false,"sceneViewState":{"showFog":true,"showMaterialUpdate":false,"showSkybox":true,"showFlares":true,"showImageEffects":true,"showParticleSystems":true},"in2DMode":false,"pivot":{"x":0.05188155174255371,"y":0.18785858154296876,"z":5.364418029785156e-7},"rotation":{"x":0.12488795071840286,"y":-0.6820806264877319,"z":0.11989413946866989,"w":0.7104889154434204},"size":13.356538772583008,"orthographic":false}