{"cameraMode":{"drawMode":0,"name":"Shaded","section":"Shading Mode"},"sceneLighting":true,"audioPlay":false,"sceneViewState":{"showFog":true,"showMaterialUpdate":false,"showSkybox":true,"showFlares":true,"showImageEffects":true,"showParticleSystems":true},"in2DMode":false,"pivot":{"x":5.487998962402344,"y":6.1600022315979,"z":-10.398009300231934},"rotation":{"x":0.24813292920589448,"y":0.7449248433113098,"z":-0.37512218952178957,"w":0.4927477240562439},"size":21.866619110107423,"orthographic":true}