{"cameraMode":{"drawMode":0,"name":"Shaded","section":"Shading Mode"},"sceneLighting":false,"audioPlay":false,"sceneViewState":{"showFog":false,"showMaterialUpdate":false,"showSkybox":false,"showFlares":false,"showImageEffects":false,"showParticleSystems":true},"in2DMode":false,"pivot":{"x":4.460000038146973,"y":22.350000381469728,"z":-18.329999923706056},"rotation":{"x":-0.3911295235157013,"y":0.44898661971092226,"z":-0.22795997560024262,"w":-0.7703655362129211},"size":8.985589981079102,"orthographic":false}