{"cameraMode":{"drawMode":0,"name":"Shaded","section":"Shading Mode"},"sceneLighting":true,"audioPlay":false,"sceneViewState":{"showFog":false,"showMaterialUpdate":false,"showSkybox":false,"showFlares":false,"showImageEffects":false,"showParticleSystems":true},"in2DMode":false,"pivot":{"x":8.341972351074219,"y":-0.6061434745788574,"z":-0.36955487728118899},"rotation":{"x":-0.08950034528970719,"y":-0.6713442802429199,"z":0.08218321949243546,"w":-0.731117308139801},"size":18.342952728271486,"orthographic":false}