{"cameraMode":{"drawMode":0,"name":"Shaded","section":"Shading Mode"},"sceneLighting":true,"audioPlay":false,"sceneViewState":{"showFog":false,"showMaterialUpdate":false,"showSkybox":false,"showFlares":false,"showImageEffects":false,"showParticleSystems":true},"in2DMode":false,"pivot":{"x":6.688823223114014,"y":-70.80288696289063,"z":12.683189392089844},"rotation":{"x":-0.639249861240387,"y":-0.15368708968162538,"z":0.13244904577732087,"w":-0.7417528629302979},"size":81.59480285644531,"orthographic":false}